strMeal,strCategory,strArea,ingredients
Apple Frangipan Tart,Dessert,British,"[""digestive biscuits"",""butter"",""Bramley apples"",""butter, softened"",""caster sugar"",""free-range eggs, beaten"",""ground almonds"",""almond extract"",""flaked almonds""]"
Apple & Blackberry Crumble,Dessert,British,"[""Plain Flour"",""Caster Sugar"",""Butter"",""Braeburn Apples"",""Butter"",""Demerara Sugar"",""Blackberrys"",""Cinnamon"",""Ice Cream""]"
Apam balik,Dessert,Malaysian,"[""Milk"",""Oil"",""Eggs"",""Flour"",""Baking Powder"",""Salt"",""Unsalted Butter"",""Sugar"",""Peanut Butter""]"
Ayam Percik,Chicken,Malaysian,"[""Chicken Thighs"",""Challots"",""Ginger"",""Garlic Clove"",""Cayenne Pepper"",""Turmeric"",""Cumin"",""Coriander"",""Fennel"",""Tamarind Paste"",""Coconut Milk"",""Sugar"",""Water""]"
Bakewell tart,Dessert,British,"[""plain flour"",""chilled butter"",""cold water"",""raspberry jam"",""butter"",""caster sugar"",""ground almonds"",""free-range egg, beaten"",""almond extract"",""flaked almonds""]"
Bread and Butter Pudding,Dessert,British,"[""butter"",""bread"",""sultanas"",""cinnamon"",""milk"",""double cream"",""eggs"",""sugar"",""nutmeg""]"
Beef Wellington,Beef,British,"[""mushrooms"",""English Mustard"",""Olive Oil"",""Beef Fillet"",""Parma ham"",""Puff Pastry"",""Flour"",""Egg Yolks""]"
Baingan Bharta,Vegetarian,Indian,"[""Aubergine"",""Onion"",""Tomatoes"",""Garlic"",""Green Chili"",""Red Chili Powder"",""Oil"",""Coriander Leaves"",""salt""]"
Beef Brisket Pot Roast,Beef,American,"[""Beef Brisket"",""Salt"",""Onion"",""Garlic"",""Thyme"",""Rosemary"",""Bay Leaves"",""beef stock"",""Carrots"",""Mustard"",""Potatoes""]"
Beef Sunday Roast,Beef,British,"[""Beef"",""Broccoli"",""Potatoes"",""Carrots"",""plain flour"",""Eggs"",""milk"",""sunflower oil""]"
Braised Beef Chilli,Beef,Mexican,"[""Beef"",""Onions"",""Garlic"",""Olive oil"",""Chorizo"",""Cumin"",""All spice"",""Cloves"",""Cinnamon stick"",""Bay Leaves"",""Oregano"",""Ancho Chillies"",""Balsamic Vinegar"",""Plum Tomatoes"",""Tomato Ketchup"",""Dark Brown Sugar"",""Borlotti Beans""]"
Beef stroganoff,Beef,Russian,"[""Olive Oil"",""Onions"",""Garlic"",""Butter"",""Mushrooms"",""Beef Fillet"",""Plain Flour"",""Creme Fraiche"",""English Mustard"",""Beef Stock"",""Parsley""]"
Broccoli & Stilton soup,Starter,British,"[""Rapeseed Oil"",""Onion"",""Celery"",""Leek"",""Potatoes"",""Butter"",""Vegetable Stock"",""Broccoli"",""Stilton Cheese""]"
Bean & Sausage Hotpot,Miscellaneous,British,"[""Sausages"",""Tomato Sauce"",""Butter Beans"",""Black Treacle"",""English Mustard""]"
Banana Pancakes,Dessert,American,"[""Banana"",""Eggs"",""Baking Powder"",""Vanilla Extract"",""Oil"",""Pecan Nuts"",""Raspberries""]"
Beef Dumpling Stew,Beef,British,"[""Olive Oil"",""Butter"",""Beef"",""Plain Flour"",""Garlic"",""Onions"",""Celery"",""Carrots"",""Leek"",""Swede"",""Red Wine"",""Beef Stock"",""Bay Leaf"",""Thyme"",""Parsley"",""Plain Flour"",""Baking Powder"",""Suet"",""Water""]"
Beef and Mustard Pie,Beef,British,"[""Beef"",""Plain Flour"",""Rapeseed Oil"",""Red Wine"",""Beef Stock"",""Onion"",""Carrots"",""Thyme"",""Mustard"",""Egg Yolks"",""Puff Pastry"",""Green Beans"",""Butter"",""Salt"",""Pepper""]"
Beef and Oyster pie,Beef,British,"[""Beef"",""Olive Oil"",""Shallots"",""Garlic"",""Bacon"",""Thyme"",""Bay Leaf"",""Stout"",""Beef Stock"",""Corn Flour"",""Oysters"",""Plain Flour"",""Salt"",""Butter"",""Eggs""]"
Blackberry Fool,Dessert,British,"[""Hazlenuts"",""Butter"",""Caster Sugar"",""Lemon"",""Plain Flour"",""Baking Powder"",""Blackberrys"",""Sugar"",""Caster Sugar"",""Lemon Juice"",""Double Cream"",""Yogurt"",""Mint""]"
Battenberg Cake,Dessert,British,"[""Butter"",""Caster Sugar"",""Self-raising Flour"",""Almonds"",""Baking Powder"",""Eggs"",""Vanilla Extract"",""Almond Extract"",""Butter"",""Caster Sugar"",""Self-raising Flour"",""Almonds"",""Baking Powder"",""Eggs"",""Vanilla Extract"",""Almond Extract"",""Pink Food Colouring"",""Apricot"",""Marzipan"",""Icing Sugar""]"
Beef Bourguignon,Beef,French,"[""Goose Fat"",""Beef Shin"",""Bacon"",""Challots"",""Chestnut Mushroom"",""Garlic Clove"",""Bouquet Garni"",""Tomato Puree"",""Red Wine"",""Celeriac"",""Olive Oil"",""Thyme"",""Rosemary"",""Bay Leaf"",""Cardamom""]"
Brie wrapped in prosciutto & brioche,Side,French,"[""Plain Flour"",""Caster Sugar"",""Yeast"",""Milk"",""Eggs"",""Eggs"",""Butter"",""Brie"",""Prosciutto""]"
Boulangère Potatoes,Side,French,"[""Onions"",""Thyme"",""Olive Oil"",""Potatoes"",""Vegetable Stock""]"
BeaverTails,Dessert,Canadian,"[""Water"",""Yeast"",""Sugar"",""Milk"",""Butter"",""Eggs"",""Salt"",""Flour"",""Oil"",""Lemon"",""Sugar"",""Cinnamon""]"
Brown Stew Chicken,Chicken,Jamaican,"[""Chicken"",""Tomato"",""Onions"",""Garlic Clove"",""Red Pepper"",""Carrots"",""Lime"",""Thyme"",""Allspice"",""Soy Sauce"",""Cornstarch"",""Coconut Milk"",""Vegetable Oil""]"
Beef Lo Mein,Beef,Chinese,"[""Beef"",""Salt"",""Pepper"",""Sesame Seed Oil"",""Egg"",""Starch"",""Oil"",""Noodles"",""Onion"",""Minced Garlic"",""Ginger"",""Bean Sprouts"",""Mushrooms"",""Water"",""Oyster Sauce"",""Sugar"",""Soy Sauce""]"
Baked salmon with fennel & tomatoes,Seafood,British,"[""Fennel"",""Parsley"",""Lemon"",""Cherry Tomatoes"",""Olive Oil"",""Salmon"",""Black Olives""]"
Budino Di Ricotta,Dessert,Italian,"[""Ricotta"",""Eggs"",""Flour"",""Sugar"",""Cinnamon"",""Lemons"",""Dark Rum"",""Icing Sugar""]"
Breakfast Potatoes,Breakfast,Canadian,"[""Potatoes"",""Olive Oil"",""Bacon"",""Garlic Clove"",""Maple Syrup"",""Parsley"",""Salt"",""Pepper"",""Allspice""]"
Bitterballen (Dutch meatballs),Beef,Dutch,"[""Butter"",""Flour"",""Beef Stock"",""Onion"",""Parsley"",""Beef"",""Salt"",""Pepper"",""Nutmeg"",""Flour"",""Eggs"",""Breadcrumbs""]"
BBQ Pork Sloppy Joes,Pork,American,"[""Potatoes"",""Red Onions"",""Garlic"",""Lime"",""Bread"",""Pork"",""Barbeque Sauce"",""Hotsauce"",""Tomato Ketchup"",""Sugar"",""Vegetable Oil"",""Salt"",""Pepper""]"
"Beef Banh Mi Bowls with Sriracha Mayo, Carrot & Pickled Cucumber",Beef,Vietnamese,"[""Rice"",""Onion"",""Lime"",""Garlic Clove"",""Cucumber"",""Carrots"",""Ground Beef"",""Soy Sauce""]"
Big Mac,Beef,American,"[""Minced Beef"",""Olive Oil"",""Sesame Seed Burger Buns"",""Onion"",""Iceberg Lettuce"",""Cheese"",""Dill Pickles"",""Mayonnaise"",""White Wine Vinegar"",""Pepper"",""Mustard"",""Onion Salt"",""Garlic Powder"",""Paprika""]"
Bigos (Hunters Stew),Pork,Polish,"[""Bacon"",""Kielbasa"",""Pork"",""Flour"",""Garlic"",""Onion"",""Mushrooms"",""Cabbage"",""Sauerkraut"",""Red Wine"",""Bay Leaf"",""Basil"",""Marjoram"",""Paprika"",""Caraway Seed"",""Hotsauce"",""Beef Stock"",""Tomato Puree"",""Diced Tomatoes"",""Worcestershire Sauce""]"
Boxty Breakfast,Pork,Irish,"[""Potatoes"",""Spring Onions"",""Plain Flour"",""Egg White"",""Milk"",""Bicarbonate Of Soda"",""Butter"",""Vegetable Oil"",""Cherry Tomatoes"",""Bacon"",""Egg""]"
Beef Rendang,Beef,Malaysian,"[""Beef"",""Vegetable Oil"",""Cinnamon Stick"",""Cloves"",""Star Anise"",""Cardamom"",""Coconut Cream"",""Water"",""Tamarind Paste"",""Lime"",""Sugar"",""Challots""]"
Burek,Side,Croatian,"[""Filo Pastry"",""Minced Beef"",""Onion"",""Oil"",""Salt"",""Pepper""]"
Beef Mechado,Beef,Filipino,"[""Garlic"",""Onion"",""Beef"",""Tomato Puree"",""Water"",""Olive Oil"",""Lemon"",""Potatoes"",""Soy Sauce"",""Black Pepper"",""Bay Leaves"",""Salt""]"
Bistek,Beef,Filipino,"[""Beef"",""Soy Sauce"",""Lemon"",""Garlic"",""Onion"",""Olive Oil"",""Water"",""Salt""]"
Beef Caldereta,Beef,Filipino,"[""Beef"",""Beef Stock"",""Soy Sauce"",""Water"",""Green Pepper"",""Red Pepper"",""Potatoes"",""Carrots"",""Tomato Puree"",""Peanut Butter"",""Chilli Powder"",""Onion"",""Garlic"",""Olive Oil""]"
Beef Asado,Beef,Filipino,"[""Beef"",""Beef Stock Concentrate"",""Tomato Puree"",""Water"",""Soy Sauce"",""White Wine Vinegar"",""Pepper"",""Bay Leaf"",""Lemon"",""Tomato Sauce"",""Butter"",""Olive Oil"",""Onion"",""Garlic""]"
Bread omelette,Breakfast,Indian,"[""Bread"",""Egg"",""Salt""]"
Beetroot Soup (Borscht),Vegetarian,Ukrainian,"[""Beetroot"",""Olive Oil"",""Chicken Stock Cube"",""Water"",""Potatoes"",""Cannellini Beans"",""Dill""]"
Blini Pancakes,Side,Russian,"[""Buckwheat"",""Flour"",""Salt"",""Yeast"",""Milk"",""Butter"",""Egg""]"
Chocolate Gateau,Dessert,French,"[""Plain chocolate"",""Butter"",""Milk"",""Eggs"",""Granulated Sugar"",""Flour""]"
Chicken Enchilada Casserole,Chicken,Mexican,"[""Enchilada sauce"",""shredded Monterey Jack cheese"",""corn tortillas"",""chicken breasts""]"
Cream Cheese Tart,Starter,Unknown,"[""Flour"",""Butter"",""Egg"",""Salt"",""Cheese"",""Milk"",""Eggs"",""Parmesan Cheese"",""Plum tomatoes"",""White Vinegar"",""Honey"",""Basil""]"
Christmas Pudding Flapjack,Dessert,British,"[""salted butter"",""dark soft brown sugar"",""golden syrup"",""orange"",""rolled oats"",""Christmas pudding""]"
Chicken Handi,Chicken,Indian,"[""Chicken"",""Onion"",""Tomatoes"",""Garlic"",""Ginger paste"",""Vegetable oil"",""Cumin seeds"",""Coriander seeds"",""Turmeric powder"",""Chilli powder"",""Green chilli"",""Yogurt"",""Cream"",""fenugreek"",""Garam masala"",""Salt""]"
Chicken Alfredo Primavera,Chicken,Italian,"[""Butter"",""Olive Oil"",""Chicken"",""Salt"",""Squash"",""Broccoli"",""mushrooms"",""Pepper"",""onion"",""garlic"",""red pepper flakes"",""white wine"",""milk"",""heavy cream"",""Parmesan cheese"",""bowtie pasta"",""Salt"",""Pepper"",""Parsley""]"
Chicken Fajita Mac and Cheese,Chicken,American,"[""macaroni"",""chicken stock"",""heavy cream"",""fajita seasoning"",""salt"",""chicken breast"",""olive oil"",""onion"",""red pepper"",""garlic"",""cheddar cheese"",""parsley""]"
Cajun spiced fish tacos,Seafood,Mexican,"[""cajun"",""cayenne pepper"",""white fish"",""vegetable oil"",""flour tortilla"",""avocado"",""little gem lettuce"",""spring onion"",""salsa"",""sour cream"",""lemon"",""garlic""]"
Crock Pot Chicken Baked Tacos,Chicken,Mexican,"[""Chicken Breasts"",""Vinaigrette Dressing"",""Cumin"",""Smoked Paprika"",""Garlic"",""Refried Beans"",""Hard Taco Shells"",""Shredded Mexican Cheese"",""Grape Tomatoes"",""Jalapeno"",""Avocado"",""Green Salsa"",""Sour Cream"",""Milk""]"
Chicken Karaage,Chicken,Japanese,"[""Chicken thigh"",""Ginger"",""Garlic"",""Soy sauce"",""Sake"",""Granulated sugar"",""Potato starch"",""Vegetable oil"",""Lemon""]"
Coq au vin,Chicken,French,"[""Olive Oil"",""Bacon"",""Shallots"",""Chicken Legs"",""Chicken Thighs"",""Chicken Breasts"",""Garlic"",""Brandy"",""Red Wine"",""Chicken Stock"",""tomato puree"",""thyme"",""Rosemary"",""bay leaves"",""parsley"",""chestnut mushroom"",""plain flour"",""butter""]"
Chilli prawn linguine,Pasta,Italian,"[""Linguine Pasta"",""Sugar Snap Peas"",""Olive Oil"",""Garlic Clove"",""Red Chilli"",""King Prawns"",""Cherry Tomatoes"",""Basil Leaves"",""Lettuce"",""Bread"",""Fromage Frais"",""Lime"",""Caster Sugar""]"
Clam chowder,Starter,American,"[""Clams"",""Butter"",""Bacon"",""Onion"",""Thyme"",""Bay Leaf"",""Plain Flour"",""Milk"",""Double Cream"",""Potatoes"",""Parsley""]"
Creamy Tomato Soup,Starter,British,"[""Olive Oil"",""Onions"",""Celery"",""Carrots"",""Potatoes"",""Bay Leaf"",""Tomato Puree"",""Sugar"",""White Vinegar"",""Chopped Tomatoes"",""Passata"",""Vegetable Stock Cube"",""Whole Milk""]"
Chicken & mushroom Hotpot,Chicken,British,"[""Butter"",""Onion"",""Mushrooms"",""Plain Flour"",""Chicken Stock Cube"",""Nutmeg"",""Mustard Powder"",""Chicken"",""Sweetcorn"",""Potatoes"",""Butter""]"
Chicken Couscous,Chicken,Moroccan,"[""Olive Oil"",""Onion"",""Chicken Breast"",""Ginger"",""Harissa Spice"",""Dried Apricots"",""Chickpeas"",""Couscous"",""Chicken Stock"",""Coriander""]"
Chocolate Avocado Mousse,Dessert,British,"[""Banana"",""Cacao"",""Avocado"",""Honey"",""Lemon Juice"",""Vanilla"",""Water"",""Sea Salt""]"
Choc Chip Pecan Pie,Dessert,American,"[""Plain Flour"",""Butter"",""Cream Cheese"",""Icing Sugar"",""Butter"",""Maple Syrup"",""Light Brown Soft Sugar"",""Dark Brown Soft Sugar"",""Eggs"",""Vanilla Extract"",""Pecan Nuts"",""Dark Chocolate Chips""]"
Chocolate Raspberry Brownies,Dessert,American,"[""Dark Chocolate"",""Milk Chocolate"",""Salted Butter"",""Light Brown Soft Sugar"",""Eggs"",""Plain Flour"",""Cocoa"",""Raspberries""]"
Chickpea Fajitas,Vegetarian,Mexican,"[""Chickpeas"",""Olive Oil"",""Paprika"",""Tomatoes"",""Red Onions"",""Red Wine Vinegar"",""Avocado"",""Lime"",""Lime"",""Sour Cream"",""Harissa Spice"",""Corn Tortillas"",""Coriander""]"
Chicken Ham and Leek Pie,Chicken,British,"[""Chicken Stock"",""Chicken Breast"",""Butter"",""Leek"",""Garlic"",""Plain Flour"",""Milk"",""White Wine"",""Double Cream"",""Ham"",""Sea Salt"",""Pepper"",""Plain Flour"",""Butter"",""Free-range Egg, Beaten"",""Cold Water"",""Free-range Egg, Beaten""]"
Chicken Parmentier,Chicken,French,"[""Potatoes"",""Butter"",""Double Cream"",""Egg Yolks"",""Butter"",""Shallots"",""Carrots"",""Celery"",""Garlic Clove"",""White Wine"",""Tomato Puree"",""Tinned Tomatos"",""Chicken Stock"",""Chicken"",""Black Olives"",""Parsley"",""Gruyere cheese""]"
Carrot Cake,Dessert,British,"[""Vegetable Oil"",""Plain Flour"",""Bicarbonate Of Soda"",""Sugar"",""Eggs"",""Salt"",""Cinnamon"",""Carrots"",""Walnuts"",""Cream Cheese"",""Caster Sugar"",""Butter""]"
Chelsea Buns,Dessert,British,"[""White Flour"",""Salt"",""Yeast"",""Milk"",""Butter"",""Eggs"",""Vegetable Oil"",""Butter"",""Brown Sugar"",""Cinnamon"",""Dried Fruit"",""Milk"",""Caster Sugar""]"
Chocolate Souffle,Dessert,French,"[""Single Cream"",""Caster Sugar"",""Dark Chocolate"",""Butter"",""Butter"",""Caster Sugar"",""Dark Chocolate"",""Double Cream"",""Egg Yolks"",""Egg White"",""Double Cream"",""Icing Sugar""]"
Chinon Apple Tarts,Dessert,French,"[""Puff Pastry"",""Dark Brown Soft Sugar"",""Braeburn Apples"",""Red Wine Jelly"",""Creme Fraiche"",""Icing Sugar"",""Cardamom""]"
Chicken Marengo,Chicken,French,"[""Olive Oil"",""Mushrooms"",""Chicken Legs"",""Passata"",""Chicken Stock Cube"",""Black Olives"",""Parsley""]"
Canadian Butter Tarts,Dessert,Canadian,"[""Shortcrust Pastry"",""Eggs"",""Muscovado Sugar"",""Raisins"",""Vanilla Extract"",""Butter"",""Single Cream"",""Walnuts""]"
Chicken Basquaise,Chicken,French,"[""Chicken"",""Butter"",""Olive Oil"",""Red Onions"",""Red Pepper"",""Chorizo"",""Sun-Dried Tomatoes"",""Garlic"",""Basmati Rice"",""Tomato Puree"",""Paprika"",""Bay Leaves"",""Thyme"",""Chicken Stock"",""Dry White Wine"",""Lemons"",""Black Olives"",""Salt"",""Pepper""]"
Callaloo Jamaican Style,Miscellaneous,Jamaican,"[""Kale"",""Bacon"",""Garlic"",""Onion"",""Paprika"",""Thyme"",""Tomato"",""Red Pepper"",""Banana"",""Vegetable Oil""]"
Chicken Congee,Chicken,Chinese,"[""Chicken"",""Salt"",""Pepper"",""Ginger Cordial"",""Ginger"",""Spring Onions"",""Rice"",""Water"",""Coriander""]"
Chocolate Caramel Crispy,Dessert,British,"[""Mars Bar"",""Butter"",""Rice Krispies"",""Milk Chocolate""]"
Chakchouka ,Miscellaneous,Tunisian,"[""Tomatoes"",""Olive Oil"",""Onion"",""Red Pepper"",""Green Pepper"",""Garlic"",""Cumin"",""Paprika"",""Salt"",""Chili Powder"",""Eggs""]"
Cashew Ghoriba Biscuits,Dessert,Tunisian,"[""Cashew Nuts"",""Icing Sugar"",""Egg Yolks"",""Orange Blossom Water"",""Icing Sugar"",""Almonds""]"
Corba,Side,Turkish,"[""Lentils"",""Onion"",""Carrots"",""Tomato Puree"",""Cumin"",""Paprika"",""Mint"",""Thyme"",""Black Pepper"",""Red Pepper Flakes"",""Vegetable Stock"",""Water"",""Sea Salt""]"
Christmas Pudding Trifle,Dessert,British,"[""Orange"",""Demerara Sugar"",""Grand Marnier"",""Christmas Pudding"",""Custard"",""Mascarpone"",""Double Cream"",""Flaked Almonds"",""Dark Chocolate""]"
Classic Christmas pudding,Dessert,British,"[""Almonds"",""Bramley Apples"",""Candied Peel"",""Nutmeg"",""Raisins"",""Plain Flour"",""Breadcrumbs"",""Muscovado Sugar"",""Eggs"",""Brandy"",""Butter""]"
Christmas cake,Dessert,British,"[""Butter"",""Muscovado Sugar"",""Plain Flour"",""Eggs"",""Ground Almonds"",""Sherry"",""Candied Peel"",""Glace Cherry"",""Raisins"",""Currants"",""Pecan Nuts"",""Lemon"",""Mixed Spice"",""Rose water"",""Vanilla Extract"",""Baking Powder""]"
Corned Beef and Cabbage,Beef,Irish,"[""Beef Brisket"",""Small Potatoes"",""Carrots"",""Cabbage""]"
Crispy Sausages and Greens,Pork,Irish,"[""Kale"",""Italian Fennel Sausages"",""Cabbage"",""Garlic Clove"",""Onion"",""Shiitake Mushrooms"",""Chicken Stock"",""Salt"",""Pepper""]"
Chicken Quinoa Greek Salad,Chicken,Greek,"[""Quinoa"",""Butter"",""Red Chilli"",""Garlic"",""Chicken Breast"",""Olive Oil"",""Black Olives"",""Red Onions"",""Feta"",""Mint"",""Lemon""]"
Chick-Fil-A Sandwich,Chicken,American,"[""Chicken Breast"",""Pickle Juice"",""Egg"",""Milk"",""Flour"",""Icing Sugar"",""Paprika"",""Salt"",""Black Pepper"",""Garlic Powder"",""Celery Salt"",""Cayenne Pepper"",""Olive Oil"",""Sesame Seed Burger Buns""]"
Coddled pork with cider,Pork,Irish,"[""Butter"",""Pork Chops"",""Bacon"",""Potatoes"",""Carrots"",""Swede"",""Cabbage"",""Bay Leaf"",""Cider"",""Chicken Stock""]"
Cevapi Sausages,Beef,Croatian,"[""Minced Beef"",""Minced Pork"",""Onion"",""Garlic"",""Parsley"",""Paprika"",""Baking Powder"",""Breadcrumbs"",""Water"",""Vegetable Stock Cube"",""Salt"",""Pepper""]"
Croatian lamb peka,Beef,Croatian,"[""Potatoes"",""Courgettes"",""Carrots"",""Green Pepper"",""Aubergine"",""Onion"",""Lamb Shoulder"",""Garlic Sauce"",""Tomato Puree"",""Olive Oil"",""Thyme"",""White Wine"",""Pepper""]"
Croatian Bean Stew,Beef,Croatian,"[""Cannellini Beans"",""Vegetable Oil"",""Tomatoes"",""Challots"",""Garlic"",""Parsley"",""Chorizo""]"
Chivito uruguayo,Beef,Unknown,"[""Beef Brisket"",""Bread"",""Lettuce"",""Tomato"",""Ham"",""Mozzarella"",""Bacon"",""Egg"",""Onion"",""Pepper""]"
Crispy Eggplant,Vegetarian,Filipino,"[""Egg Plants"",""Breadcrumbs"",""Sesame Seed"",""Eggs"",""Salt"",""Pepper"",""Vegetable Oil""]"
Cabbage Soup (Shchi),Vegetarian,Russian,"[""Unsalted Butter"",""Onion"",""Cabbage"",""Carrots"",""Celery"",""Bay Leaf"",""Vegetable Stock"",""Potatoes"",""Tomatoes"",""Sour Cream"",""Dill""]"
Dal fry,Vegetarian,Indian,"[""Toor dal"",""Water"",""Salt"",""Turmeric"",""Ghee"",""Chopped tomatoes"",""Cumin seeds"",""Mustard Seeds"",""Bay Leaf"",""Green Chili"",""Ginger"",""Cilantro"",""Red Pepper"",""Salt"",""Sugar"",""Garam Masala""]"
Dundee cake,Dessert,British,"[""Almonds"",""Butter"",""Muscovado Sugar"",""Orange"",""Apricot Jam"",""Plain Flour"",""Baking Powder"",""Eggs"",""Ground Almonds"",""Milk"",""Dried Fruit"",""Glace Cherry"",""Milk"",""Caster Sugar""]"
Duck Confit,Miscellaneous,French,"[""Sea Salt"",""Bay Leaf"",""Garlic"",""Thyme"",""Duck Legs"",""White Wine""]"
Eton Mess,Dessert,British,"[""strawberries"",""double cream"",""meringue nests"",""ginger cordial"",""Mint""]"
Eccles Cakes,Dessert,British,"[""Butter"",""Plain Flour"",""Lemon"",""Butter"",""Currants"",""Mixed Peel"",""Muscovado Sugar"",""Cinnamon"",""Ginger"",""Allspice"",""Lemon"",""Eggs"",""Sugar""]"
English Breakfast,Breakfast,British,"[""Sausages"",""Bacon"",""Mushrooms"",""Tomatoes"",""Black Pudding"",""Eggs"",""Bread""]"
Escovitch Fish,Seafood,Jamaican,"[""Red Snapper"",""Vegetable Oil"",""Garlic"",""Ginger"",""Thyme"",""Bay Leaf"",""Red Pepper"",""Yellow Pepper"",""Onion"",""Carrots"",""Sugar"",""Allspice"",""Worcestershire Sauce"",""Scotch Bonnet"",""Lime"",""Malt Vinegar"",""Pepper""]"
Egg Drop Soup,Vegetarian,Chinese,"[""Chicken Stock"",""Salt"",""Sugar"",""Pepper"",""Sesame Seed Oil"",""Peas"",""Mushrooms"",""Cornstarch"",""Water"",""Spring Onions""]"
Egyptian Fatteh,Beef,Egyptian,"[""Beef"",""Onion"",""Chicken Stock Cube"",""Tomatoes"",""Garlic Clove"",""Tomato Puree"",""Rice"",""Noodles"",""Butter"",""Olive Oil"",""Pita Bread"",""Cumin"",""White Wine Vinegar"",""Salt"",""Pepper""]"
Eggplant Adobo,Vegetarian,Filipino,"[""Egg Plants"",""Sugar"",""Salt"",""Pepper"",""Garlic"",""Olive Oil"",""Ground Pork"",""Rice Vinegar"",""Soy Sauce"",""Bay Leaf""]"
Fish pie,Seafood,British,"[""Floury Potatoes"",""Olive Oil"",""Semi-skimmed Milk"",""White Fish Fillets"",""Plain flour"",""Nutmeg"",""Double Cream"",""Jerusalem Artichokes"",""Leek"",""Prawns"",""Parsley"",""Dill"",""Lemon"",""Gruyère"",""Lemon""]"
French Lentils With Garlic and Thyme,Miscellaneous,French,"[""Olive Oil"",""Onion"",""Garlic"",""Carrot"",""French Lentils"",""Thyme"",""Bay Leaf"",""Salt"",""Celery""]"
Fettucine alfredo,Pasta,Italian,"[""Clotted Cream"",""Butter"",""Corn Flour"",""Parmesan Cheese"",""Nutmeg"",""Fettuccine"",""Parsley""]"
Full English Breakfast,Breakfast,British,"[""Sausages"",""Bacon"",""Mushrooms"",""Tomatoes"",""Black Pudding"",""Eggs"",""Bread"",""Baked Beans""]"
French Onion Soup,Side,French,"[""Butter"",""Olive Oil"",""Onion"",""Sugar"",""Garlic Clove"",""Plain Flour"",""Dry White Wine"",""Beef Stock"",""Bread"",""Gruyère""]"
Flamiche,Vegetarian,French,"[""Butter"",""Leek"",""Salt"",""Creme Fraiche"",""Egg"",""Egg Yolks"",""Nutmeg"",""Plain Flour"",""Salt"",""Butter"",""Lard"",""Cheddar Cheese"",""Water""]"
French Omelette,Miscellaneous,French,"[""Eggs"",""Butter"",""Parmesan"",""Tarragon"",""Parsley"",""Chives"",""Gruyère""]"
Fish Stew with Rouille,Seafood,French,"[""Prawns"",""Olive Oil"",""Dry White Wine"",""Fish Stock"",""Fennel"",""Onion"",""Garlic"",""Potatoes"",""Orange"",""Star Anise"",""Bay Leaf"",""Harissa Spice"",""Tomato Puree"",""Chopped Tomatoes"",""Mussels"",""White Fish"",""Thyme"",""Bread""]"
Fennel Dauphinoise,Side,French,"[""Potatoes"",""Fennel"",""Garlic"",""Milk"",""Double Cream"",""Butter"",""Parmesan Cheese""]"
Fruit and Cream Cheese Breakfast Pastries,Breakfast,American,"[""Cream Cheese"",""Sugar"",""Vanilla Extract"",""Flour"",""Puff Pastry"",""Strawberries"",""Raspberries"",""Blackberries""]"
French Onion Chicken with Roasted Carrots & Mashed Potatoes,Chicken,American,"[""Chicken Breasts"",""Carrots"",""Small Potatoes"",""Onion"",""Beef Stock"",""Mozzarella"",""Sour Cream"",""Butter"",""Sugar"",""Vegetable Oil"",""Salt"",""Pepper""]"
Ful Medames,Vegetarian,Egyptian,"[""Broad Beans"",""Parsley"",""Olive Oil"",""Lemons"",""Garlic Clove"",""Cumin""]"
Feteer Meshaltet,Side,Egyptian,"[""Flour"",""Water"",""Salt"",""Unsalted Butter"",""Olive Oil""]"
Fish fofos,Seafood,Portuguese,"[""Haddock"",""Potatoes"",""Green Chilli"",""Coriander"",""Cumin Seeds"",""Pepper"",""Garlic"",""Ginger"",""Flour"",""Eggs"",""Breadcrumbs"",""Vegetable Oil""]"
Fresh sardines,Side,Croatian,"[""Sardines"",""Vegetable Oil"",""Flour"",""Salt""]"
Fettuccine Alfredo,Pasta,Italian,"[""Fettuccine"",""Heavy Cream"",""Butter"",""Parmesan"",""Parsley"",""Black Pepper""]"
Fish Soup (Ukha),Seafood,Russian,"[""Olive Oil"",""Onion"",""Carrots"",""Fish Stock"",""Water"",""Potatoes"",""Bay Leaf"",""Cod"",""Salmon""]"
Garides Saganaki,Seafood,Greek,"[""Raw king prawns"",""Olive oil"",""Chopped onion"",""Freshly chopped parsley"",""White wine"",""Chopped tomatoes"",""Minced garlic"",""Cubed Feta cheese""]"
Grilled Mac and Cheese Sandwich,Pasta,American,"[""Macaroni"",""Plain Flour"",""Mustard Powder"",""Garlic powder"",""Kosher salt"",""Black pepper"",""Cayenne pepper"",""Butter"",""Whole Milk"",""Heavy Cream"",""Monterey Jack Cheese"",""Butter"",""garlic powder"",""Bread"",""Cheddar Cheese"",""Colby Jack Cheese"",""Butter""]"
General Tso's Chicken,Chicken,Chinese,"[""Chicken Breast"",""Plain Flour"",""Egg"",""Starch"",""Baking Powder"",""Salt"",""Onion Salt"",""Garlic Powder"",""Water"",""Chicken Stock"",""Duck Sauce"",""Soy Sauce"",""Honey"",""Rice Vinegar"",""Sesame Seed Oil"",""Gochujang"",""Starch"",""Garlic"",""Spring Onions"",""Ginger""]"
Gigantes Plaki,Vegetarian,Greek,"[""Butter Beans"",""Olive Oil"",""Onion"",""Garlic Clove"",""Tomato Puree"",""Tomatoes"",""Sugar"",""Dried Oregano"",""Cinnamon"",""Chopped Parsley""]"
Gołąbki (cabbage roll),Beef,Polish,"[""Cabbage"",""Butter"",""Onion"",""Ground Beef"",""Ground Pork"",""Rice"",""Garlic"",""Salt"",""Black Pepper"",""Tomato Puree""]"
Grilled Portuguese sardines,Seafood,Portuguese,"[""Sardines"",""Olive Oil"",""Garlic"",""Paprika"",""Lemon"",""Rosemary"",""Red Chilli""]"
Grilled eggplant with coconut milk,Vegetarian,Filipino,"[""Egg Plants"",""Coconut Milk"",""Lemon Juice"",""Salt"",""Red Pepper Flakes"",""Onions""]"
Honey Teriyaki Salmon,Seafood,Japanese,"[""Salmon"",""Olive oil"",""Soy Sauce"",""Sake"",""Sesame Seed""]"
Hot Chocolate Fudge,Dessert,American,"[""Chocolate Chips"",""Heavy Cream"",""Condensed Milk"",""Vanilla Extract"",""White Chocolate Chips"",""Miniature Marshmallows""]"
Hot and Sour Soup,Pork,Chinese,"[""Mushrooms"",""Wood Ear Mushrooms"",""Tofu"",""Pork"",""Chicken Stock"",""Salt"",""Sugar"",""Sesame Seed Oil"",""Pepper"",""Hotsauce"",""Vinegar"",""Soy Sauce"",""Cornstarch"",""Water"",""Spring Onions""]"
Home-made Mandazi,Breakfast,Kenyan,"[""Self-raising Flour"",""Sugar"",""Eggs"",""Milk""]"
Honey Balsamic Chicken with Crispy Broccoli & Potatoes,Chicken,American,"[""Potatoes"",""Broccoli"",""Garlic"",""Chicken Breast"",""Balsamic Vinegar"",""Honey"",""Chicken Stock"",""Butter"",""Vegetable Oil"",""Olive Oil""]"
Honey Yogurt Cheesecake,Dessert,Greek,"[""Digestive Biscuits"",""Almonds"",""Butter"",""Greek Yogurt"",""Mascarpone"",""Eggs"",""Lemon"",""Orange"",""Honey"",""Fruit Mix""]"
Ham hock colcannon,Pork,Irish,"[""Floury Potatoes"",""Butter"",""Garlic Clove"",""Cabbage"",""Spring Onions"",""Double Cream"",""Mustard"",""Ham"",""Eggs""]"
Irish stew,Beef,Irish,"[""whole wheat"",""lamb loin chops"",""olive oil"",""shallots"",""carrots"",""turnips"",""celeriac"",""charlotte potatoes"",""white wine"",""caster sugar"",""fresh thyme"",""oregano"",""chicken stock""]"
Jam Roly-Poly,Dessert,British,"[""Butter"",""Self-raising Flour"",""Vanilla"",""Suet"",""Milk"",""Raspberry Jam"",""Custard""]"
Jerk chicken with rice & peas,Chicken,Jamaican,"[""Chicken Thighs"",""Lime"",""Spring Onions"",""Ginger"",""Garlic"",""Onion"",""Red Chilli"",""Thyme"",""Lime"",""Soy Sauce"",""Vegetable Oil"",""Brown Sugar"",""Allspice"",""Basmati Rice"",""Coconut Milk"",""Spring Onions"",""Thyme"",""Garlic"",""Allspice"",""Kidney Beans""]"
Jamaican Beef Patties,Beef,Jamaican,"[""Plain Flour"",""Salt"",""Curry Powder"",""Butter"",""Water"",""Minced Beef"",""Allspice"",""Black Pepper"",""Vegetable Oil"",""Onions"",""Red Pepper"",""Garlic"",""Thyme"",""Salt"",""Tomato Ketchup"",""Water"",""Onions"",""Egg"",""Water"",""Water""]"
Japanese gohan rice,Side,Japanese,"[""Sushi Rice"",""Mirin"",""Pickle Juice"",""Spring Onions""]"
Japanese Katsudon,Pork,Japanese,"[""Vegetable Oil"",""Onion"",""Pork"",""Vegetable Stock"",""Soy Sauce"",""Mirin"",""Sugar"",""Eggs"",""Sushi Rice"",""Chives""]"
Kapsalon,Lamb,Dutch,"[""Fries"",""Doner Meat"",""Garlic sauce"",""Hotsauce"",""Lettuce"",""Tomato"",""Cucumber"",""Gouda cheese""]"
Kentucky Fried Chicken,Chicken,American,"[""Chicken"",""Oil"",""Egg White"",""Flour"",""Brown Sugar"",""Salt"",""paprika"",""onion salt"",""chili powder"",""black pepper"",""celery salt"",""sage"",""garlic powder"",""allspice"",""oregano"",""basil"",""marjoram""]"
Katsu Chicken curry,Chicken,Japanese,"[""chicken breast"",""plain flour"",""egg"",""breadcrumbs"",""vegetable oil"",""sunflower oil"",""onions"",""garlic"",""carrot"",""plain flour"",""curry powder"",""chicken stock"",""honey"",""soy sauce"",""bay leaf"",""garam masala""]"
Key Lime Pie,Dessert,American,"[""Digestive Biscuits"",""Butter"",""Condensed Milk"",""Egg Yolks"",""Lime"",""Double Cream"",""Icing Sugar"",""Lime""]"
Kidney Bean Curry,Vegetarian,Indian,"[""Vegetable Oil"",""Onion"",""Garlic"",""Ginger"",""Coriander"",""Cumin"",""Paprika"",""Garam Masala"",""Chopped Tomatoes"",""Kidney Beans"",""Basmati Rice""]"
Kedgeree,Seafood,British,"[""Smoked Haddock"",""Bay Leaves"",""Milk"",""Eggs"",""Parsley"",""Coriander"",""Vegetable Oil"",""Onion"",""Coriander"",""Curry Powder"",""Rice""]"
Kung Pao Chicken,Chicken,Chinese,"[""Sake"",""Soy Sauce"",""Sesame Seed Oil"",""Corn Flour"",""Water"",""Chicken"",""Chilli Powder"",""Rice Vinegar"",""Brown Sugar"",""Spring Onions"",""Garlic Clove"",""Water Chestnut"",""Peanuts""]"
Kung Po Prawns,Seafood,Chinese,"[""Prawns"",""Soy Sauce"",""Tomato Puree"",""Corn Flour"",""Caster Sugar"",""Sunflower Oil"",""Peanuts"",""Chilli"",""Brown Sugar"",""Garlic Clove"",""Water Chestnut"",""Ginger""]"
Kafteji,Vegetarian,Tunisian,"[""Potatoes"",""Olive Oil"",""Green Pepper"",""Onions"",""Ras el hanout"",""Pumpkin"",""Eggs"",""Salt"",""Pepper""]"
Keleya Zaara,Lamb,Tunisian,"[""Olive Oil"",""Lamb"",""Saffron"",""Onion"",""Water"",""Parsley"",""Butter"",""Lemon""]"
Kumpir,Side,Turkish,"[""Potatoes"",""Butter"",""Cheese"",""Onion"",""Red Pepper"",""Red Chile Flakes""]"
Krispy Kreme Donut,Dessert,American,"[""Yeast"",""Water"",""Water"",""Sugar"",""Salt"",""Eggs"",""Shortening"",""Flour"",""Canola Oil"",""Milk"",""Sugar"",""Vanilla"",""Boiling Water"",""Butter""]"
Koshari,Vegetarian,Egyptian,"[""Brown Lentils"",""Rice"",""Coriander"",""Macaroni"",""Chickpeas"",""Onion"",""Salt"",""Vegetable Oil""]"
Lamb tomato and sweet spices,Lamb,Moroccan,"[""olive oil"",""ginger"",""garlic"",""tomatoes"",""lemon juice"",""caster sugar"",""vine leaves"",""fennel bulb"",""lamb mince"",""onion"",""potato"",""basmati rice"",""chopped parsley"",""coriander"",""lemon juice"",""garlic"",""clove"",""cinnamon"",""tomatoes""]"
Lamb Biryani,Lamb,Indian,"[""Cashew nuts"",""Khus khus"",""Cumin seeds"",""Onions"",""Ginger garlic paste"",""Garlic"",""Mint"",""Cilantro"",""Saffron"",""Ghee"",""Basmati rice"",""Full fat yogurt"",""Cumin Seeds"",""Bay leaf"",""Cinnamon"",""Cloves"",""Cardamom"",""Lamb"",""Red Chilli powder"",""Biryani masala""]"
Lamb Rogan josh,Lamb,Indian,"[""Onion"",""Sunflower Oil"",""Garlic"",""Ginger"",""Madras Paste"",""Paprika"",""cinnamon stick"",""Cardamom"",""Clove"",""Bay Leaf"",""Tomato Purée"",""Lamb"",""Greek yogurt"",""Coriander""]"
Laksa King Prawn Noodles,Seafood,Malaysian,"[""Olive Oil"",""red chili"",""Thai red curry paste"",""vegetable stock cube"",""coconut milk"",""fish sauce"",""rice noodles"",""lime"",""king prawns"",""coriander""]"
Lamb Tagine,Lamb,Moroccan,"[""Olive Oil"",""Onion"",""Carrots"",""Lamb Leg"",""Garlic"",""Cumin"",""Ginger"",""Saffron"",""Cinnamon"",""Honey"",""Apricot"",""Vegetable Stock Cube"",""Butternut Squash"",""Couscous"",""Parsley""]"
Lasagne,Pasta,Italian,"[""Olive Oil"",""Bacon"",""Onion"",""Celery"",""Carrots"",""Garlic"",""Minced Beef"",""Tomato Puree"",""Chopped Tomatoes"",""Honey"",""Lasagne Sheets"",""Creme Fraiche"",""Mozzarella Balls"",""Parmesan Cheese"",""Basil Leaves""]"
Lamb and Potato pie,Lamb,British,"[""Lamb Shoulder"",""Flour"",""Vegetable Oil"",""Onion"",""Carrots"",""Vegetable Stock"",""Potatoes"",""Shortcrust Pastry"",""Eggs""]"
Lancashire hotpot,Lamb,British,"[""Butter"",""Lamb"",""Lamb Kidney"",""Onions"",""Carrots"",""Plain Flour"",""Worcestershire Sauce"",""Chicken Stock"",""Bay Leaves"",""Potatoes""]"
Leblebi Soup,Vegetarian,Tunisian,"[""Olive Oil"",""Onion"",""Chickpeas"",""Vegetable Stock"",""Cumin"",""Garlic"",""Salt"",""Harissa Spice"",""Pepper"",""Lime""]"
Lasagna Sandwiches,Pasta,American,"[""Sour Cream"",""Chopped Onion"",""Dried Oregano"",""Salt"",""Bread"",""Bacon"",""Tomato"",""Mozzarella"",""Butter""]"
Lamb and Lemon Souvlaki,Lamb,Greek,"[""Garlic"",""Sea Salt"",""Olive Oil"",""Lemon"",""Dill"",""Lamb Leg"",""Pita Bread""]"
Lamb Tzatziki Burgers,Lamb,Greek,"[""Bulgur Wheat"",""Lamb Mince"",""Cumin"",""Coriander"",""Paprika"",""Garlic"",""Olive Oil"",""Bun"",""Cucumber"",""Greek Yogurt"",""Mint""]"
Lamb Pilaf (Plov),Lamb,Russian,"[""Lamb"",""Prunes"",""Lemon Juice"",""Butter"",""Onion"",""Lamb"",""Garlic"",""Vegetable Stock"",""Rice"",""Saffron"",""Parsley""]"
Mediterranean Pasta Salad,Seafood,Italian,"[""mozzarella balls"",""baby plum tomatoes"",""fresh basil"",""farfalle"",""extra virgin olive oil"",""Green Olives"",""tuna"",""salt"",""pepper""]"
Massaman Beef curry,Beef,Thai,"[""Peanuts"",""Coconut cream"",""Massaman curry paste"",""Beef"",""Potatoes"",""Onion"",""Lime"",""Cinnamon stick"",""Tamarind paste"",""Brown sugar"",""Fish Sauce"",""chilli"",""Jasmine Rice""]"
Mushroom & Chestnut Rotolo,Vegetarian,British,"[""Mushrooms"",""Chestnuts"",""Challots"",""Garlic"",""Rosemary"",""Wild Mushrooms"",""Soy Sauce"",""White Wine"",""Lasagne Sheets"",""Breadcrumbs"",""Sage"",""Truffle Oil""]"
Matar Paneer,Vegetarian,Indian,"[""Sunflower Oil"",""Paneer"",""Ginger"",""Cumin"",""Turmeric"",""Coriander"",""Green Chilli"",""Tomato"",""Peas"",""Garam Masala"",""Coriander"",""Naan Bread""]"
Minced Beef Pie,Beef,British,"[""Vegetable Oil"",""Minced Beef"",""Onion"",""Tomato Puree"",""Plain Flour"",""Mushrooms"",""Beef Stock"",""Worcestershire Sauce"",""Shortcrust Pastry"",""Egg Yolks""]"
McSinghs Scotch pie,Lamb,British,"[""Cumin"",""Rapeseed Oil"",""Red Onions"",""Garlic Clove"",""Green Chilli"",""Red Pepper"",""Nutmeg"",""Coriander"",""Lamb Mince"",""Pepper"",""Coriander"",""Plain Flour"",""Salt"",""Milk"",""Lard"",""Egg Yolks""]"
Madeira Cake,Dessert,British,"[""Butter"",""Caster Sugar"",""Eggs"",""Self-raising Flour"",""Milk"",""Lemon"",""Mixed Peel""]"
Montreal Smoked Meat,Beef,Canadian,"[""Beef Brisket"",""Salt"",""Black Pepper"",""Coriander"",""Sugar"",""Bay Leaf"",""Cloves"",""Black Pepper"",""Coriander"",""Paprika"",""Garlic"",""Onion"",""Dill"",""English Mustard"",""Celery Salt"",""Red Pepper Flakes""]"
Ma Po Tofu,Beef,Chinese,"[""Tofu"",""Minced Beef"",""Sesame Seed Oil"",""Doubanjiang"",""Fermented Black Beans"",""Pepper"",""Salt"",""Sichuan pepper"",""Soy Sauce"",""Water"",""Olive Oil"",""Scallions"",""Spring Onions"",""Garlic"",""Ginger"",""Water"",""Cornstarch""]"
Mbuzi Choma (Roasted Goat),Goat,Kenyan,"[""Goat Meat"",""Corn Flour"",""Tomatoes"",""Salt"",""Onion"",""Green Chilli"",""Coriander Leaves""]"
Mince Pies,Dessert,British,"[""Butter"",""Plain Flour"",""Caster Sugar"",""Mincemeat"",""Egg"",""Icing Sugar""]"
Moussaka,Beef,Greek,"[""Beef"",""Aubergine"",""Greek Yogurt"",""Egg"",""Parmesan"",""Tomato"",""Tomato Puree"",""Potatoes""]"
Mulukhiyah,Beef,Egyptian,"[""Mulukhiyah"",""Onion"",""Beef"",""Salt"",""Water"",""Garlic Clove"",""Olive Oil""]"
Mustard champ,Side,Irish,"[""Potatoes"",""Milk"",""Butter"",""Mustard"",""Spring Onions"",""Spring Onions""]"
Moroccan Carrot Soup,Vegetarian,Moroccan,"[""Carrots"",""Onion"",""Garlic Clove"",""Cumin"",""Coriander"",""Olive Oil"",""Garam Masala"",""Lemon Juice""]"
Mee goreng mamak,Seafood,Malaysian,"[""Peanuts"",""Chilli"",""Prawns"",""Oil"",""Water"",""Tamarind Paste"",""Potatoes"",""Red Onions"",""Garlic Clove"",""Cabbage"",""Chinese Broccoli"",""Tofu"",""Soy Sauce"",""Noodles"",""Egg""]"
Mushroom soup with buckwheat,Side,Croatian,"[""Mushrooms"",""Buckwheat"",""Vegetable Oil"",""Onion"",""Garlic"",""Bay Leaf"",""Vegetable Stock Cube"",""Sour Cream"",""White Wine Vinegar"",""Parsley""]"
Nutty Chicken Curry,Chicken,Indian,"[""Red Chilli"",""Ginger"",""Garlic"",""Coriander"",""Sunflower Oil"",""Chicken Breasts"",""Peanut Butter"",""Chicken Stock"",""Greek Yogurt""]"
New York cheesecake,Dessert,American,"[""Butter"",""Sour Cream"",""Sugar"",""Cream Cheese"",""Caster Sugar"",""Plain Flour"",""Lemon Juice"",""Eggs"",""Sour Cream"",""Sour Cream"",""Caster Sugar"",""Lemon Juice""]"
Nanaimo Bars,Dessert,Canadian,"[""Custard"",""Caster Sugar"",""Cocoa"",""Egg"",""Digestive Biscuits"",""Desiccated Coconut"",""Almonds"",""Butter"",""Double Cream"",""Custard Powder"",""Icing Sugar"",""Dark Chocolate"",""Butter""]"
Nasi lemak,Seafood,Malaysian,"[""Coconut Milk"",""Water"",""Ginger Paste"",""Ginger"",""Bay Leaf"",""Rice"",""Eggs"",""Cucumber"",""Peanuts"",""Anchovy Fillet"",""Vegetable Oil"",""Onion"",""Garlic"",""Shallots"",""Chilli Powder"",""Anchovy Fillet"",""Sugar"",""Tamarind Paste""]"
Osso Buco alla Milanese,Miscellaneous,Italian,"[""Veal"",""Flour"",""Olive Oil"",""Butter"",""Onion"",""Carrot"",""Celery"",""Fennel"",""Garlic"",""Orange Zest"",""Marjoram"",""Bay Leaf"",""Dry White Wine"",""Chicken Stock"",""Tomatoes"",""Parsley"",""Garlic"",""Lemon Zest""]"
Oxtail with broad beans,Beef,Jamaican,"[""Oxtail"",""Onion"",""Spring Onions"",""Garlic"",""Ginger"",""Scotch Bonnet"",""Soy Sauce"",""Fresh Thyme"",""Vegetable Oil"",""Water"",""Broad Beans"",""Corn Flour"",""Water""]"
Pad See Ew,Chicken,Thai,"[""rice stick noodles"",""dark soy sauce"",""oyster sauce"",""soy sauce"",""white vinegar"",""sugar"",""water"",""peanut oil"",""garlic"",""Chicken"",""Egg"",""Chinese broccoli""]"
Potato Gratin with Chicken,Chicken,Unknown,"[""Potatoes"",""Onions"",""Olive Oil"",""Chicken Stock"",""Creme Fraiche"",""Parmesan"",""Chicken Breasts"",""Bacon"",""Spinach"",""Peas""]"
Poutine,Miscellaneous,Canadian,"[""Vegetable Oil"",""Beef Gravy"",""Potatoes"",""Cheese Curds""]"
Pilchard puttanesca,Pasta,Italian,"[""Spaghetti"",""Olive Oil"",""Onion"",""Garlic"",""Red Chilli"",""Tomato Puree"",""Pilchards"",""Black Olives"",""Parmesan""]"
Pork Cassoulet,Pork,French,"[""Goose Fat"",""Pork"",""Onion"",""Garlic"",""Carrots"",""Fennel Seeds"",""Red Wine Vinegar"",""Vegetable Stock"",""Tomato Puree"",""Rosemary"",""Parsley"",""Haricot Beans"",""Breadcrumbs"",""Oil"",""Bread"",""Broccoli""]"
Pancakes,Dessert,American,"[""Flour"",""Eggs"",""Milk"",""Sunflower Oil"",""Sugar"",""Raspberries"",""Blueberries""]"
Pumpkin Pie,Dessert,American,"[""Pumpkin"",""Shortcrust Pastry"",""Plain Flour"",""Caster Sugar"",""Salt"",""Nutmeg"",""Cinnamon"",""Eggs"",""Butter"",""Milk"",""Icing Sugar""]"
Peanut Butter Cheesecake,Dessert,American,"[""Butter"",""Peanut Cookies"",""Gelatine Leafs"",""Ricotta"",""Peanut Butter"",""Golden Syrup"",""Milk"",""Double Cream"",""Light Brown Soft Sugar"",""Peanut Brittle""]"
Peach & Blueberry Grunt,Dessert,American,"[""Corn Flour"",""Orange"",""Orange"",""Caster Sugar"",""Peaches"",""Blueberries"",""Self-raising Flour"",""Butter"",""Muscovado Sugar"",""Cinnamon"",""Milk""]"
Parkin Cake,Dessert,British,"[""Butter"",""Egg"",""Milk"",""Golden Syrup"",""Black Treacle"",""Brown Sugar"",""Oatmeal"",""Self-raising Flour"",""Ground Ginger""]"
Pear Tarte Tatin,Dessert,French,"[""Pears"",""Caster Sugar"",""Butter"",""Star Anise"",""Cardamom"",""Cinnamon"",""Brandy"",""Puff Pastry""]"
Provençal Omelette Cake,Vegetarian,French,"[""Eggs"",""Olive Oil"",""Courgettes"",""Spring Onions"",""Red Pepper"",""Garlic Clove"",""Red Chilli"",""Cream Cheese"",""Milk"",""Chives"",""Basil"",""Rocket"",""Parmesan""]"
Prawn & Fennel Bisque,Side,French,"[""Tiger Prawns"",""Olive Oil"",""Onion"",""Fennel"",""Carrots"",""Dry White Wine"",""Brandy"",""Chopped Tomatoes"",""Fish Stock"",""Paprika"",""Double Cream"",""Prawns""]"
Pate Chinois,Beef,Canadian,"[""Potatoes"",""Butter"",""Milk"",""Minced Beef"",""Onion"",""Creamed Corn"",""Paprika"",""Parsley"",""Salt"",""Pepper""]"
Pouding chomeur,Dessert,Canadian,"[""Butter"",""Sugar"",""Eggs"",""Vanilla Extract"",""Flour"",""Baking Powder"",""Milk"",""Maple Syrup"",""Brown Sugar"",""Single Cream"",""Butter""]"
Peanut Butter Cookies,Dessert,American,"[""Peanut Butter"",""Sugar"",""Egg""]"
Pizza Express Margherita,Miscellaneous,Italian,"[""Water"",""Sugar"",""Yeast"",""Plain Flour"",""Salt"",""Olive Oil"",""Passata"",""Mozzarella"",""Oregano"",""Basil"",""Black Pepper""]"
Paszteciki (Polish Pasties),Beef,Polish,"[""Flour"",""Salt"",""Egg"",""Egg"",""Butter"",""Butter"",""Onion"",""Swede"",""Beef Brisket"",""Eggs"",""Salt"",""Pepper""]"
Pierogi (Polish Dumplings),Side,Polish,"[""Butter"",""Chopped Onion"",""Sauerkraut"",""Butter"",""Chopped Onion"",""Potatoes"",""Eggs"",""Sour Cream"",""Flour"",""Salt"",""Baking Powder""]"
Polskie Naleśniki (Polish Pancakes),Dessert,Polish,"[""Flour"",""Eggs"",""Milk"",""Water"",""Salt"",""Sugar"",""Butter""]"
Piri-piri chicken and slaw,Chicken,Portuguese,"[""Chicken"",""Red Chilli"",""Garlic"",""Ginger"",""Dried Oregano"",""Coriander"",""Paprika"",""Red Wine Vinegar"",""Oil"",""Red Onions"",""Carrots"",""Beetroot"",""Cabbage"",""Mayonnaise"",""Greek Yogurt"",""Red Wine Vinegar"",""Cumin Seeds""]"
Portuguese prego with green piri-piri,Beef,Portuguese,"[""Garlic"",""Beef Fillet"",""Olive Oil"",""Vinegar"",""Parsley"",""Ciabatta"",""Rocket"",""Basil Leaves"",""Parsley"",""Jalapeno"",""Vinegar"",""Spring Onions"",""Garlic"",""Caster Sugar""]"
Portuguese barbecued pork (Febras assadas),Pork,Portuguese,"[""Pork"",""White Wine"",""Paprika"",""Lemon"",""Lemon Juice"",""Olive Oil"",""Mayonnaise"",""Potatoes"",""Vegetable Oil""]"
Portuguese fish stew (Caldeirada de peixe),Seafood,Portuguese,"[""Onions"",""Red Pepper"",""Coriander"",""Red Chilli"",""Garlic"",""Dry White Wine"",""Saffron"",""Bay Leaf"",""Potatoes"",""Plum Tomatoes"",""Cod"",""Squid"",""Tiger Prawns"",""Clams"",""Mussels"",""Baguette""]"
Portuguese custard tarts,Dessert,Portuguese,"[""Plain Flour"",""Icing Sugar"",""Puff Pastry"",""Caster Sugar"",""Lemon Zest"",""Cinnamon"",""Eggs"",""Egg Yolks"",""Corn Flour"",""Whole Milk"",""Vanilla"",""Cinnamon""]"
Potato Salad (Olivier Salad),Vegetarian,Russian,"[""Potatoes"",""Carrots"",""Salt"",""White Wine Vinegar"",""Eggs"",""Sausages"",""Dill"",""Peas"",""Onions"",""Mayonnaise""]"
Rigatoni with fennel sausage sauce,Lamb,Italian,"[""olive oil"",""Italian fennel sausages"",""onion"",""fennel bulb"",""smoky paprika"",""garlic"",""fennel seeds"",""red wine"",""chopped tomatoes"",""caster sugar"",""pitted black olives"",""rigatoni"",""pecorino"",""anchovy fillet"",""garlic"",""olive oil"",""basil leaves""]"
Rocky Road Fudge,Dessert,American,"[""Miniature Marshmallows"",""Chocolate Chips"",""Peanut Butter"",""Vanilla Extract"",""Peanuts""]"
Recheado Masala Fish,Seafood,Indian,"[""Mackerel"",""Red Chili"",""Ginger"",""Garlic"",""Pepper"",""Cumin"",""Turmeric"",""Cinnamon stick"",""Clove"",""Cardamom"",""Sugar"",""Tamarind ball"",""Vinegar"",""Oil""]"
Ribollita,Vegetarian,Italian,"[""Olive Oil"",""Onion"",""Carrot"",""Celery"",""Garlic"",""Cannellini Beans"",""Canned tomatoes"",""Water"",""Rosemary"",""Thyme"",""Kale"",""Wholegrain Bread"",""Red Onion"",""Parmesan""]"
"Roasted Eggplant With Tahini, Pine Nuts, and Lentils",Vegetarian,American,"[""Olive Oil"",""Carrots"",""Celery"",""Onion"",""Garlic"",""Brown Lentils"",""Bay Leaves"",""Water"",""Salt"",""Apple Cider Vinegar"",""Pepper"",""Egg Plants"",""Rosemary"",""Pine nuts"",""Parsley""]"
Rock Cakes,Dessert,British,"[""Self-raising Flour"",""Caster Sugar"",""Baking Powder"",""Butter"",""Dried Fruit"",""Eggs"",""Milk"",""Vanilla Extract""]"
Ratatouille,Vegetarian,French,"[""Aubergine"",""Courgettes"",""Yellow Pepper"",""Tomato"",""Olive Oil"",""Basil"",""Onion"",""Garlic Clove"",""Red Wine Vinegar"",""Sugar""]"
Rappie Pie,Chicken,Canadian,"[""Butter"",""Onions"",""Chicken Stock"",""Chicken Breast"",""Potatoes"",""Salt"",""Black Pepper""]"
Red Peas Soup,Beef,Jamaican,"[""Kidney Beans"",""Carrots"",""Spring Onions"",""Thyme"",""Onion"",""Black Pepper"",""Red Pepper"",""Garlic Clove"",""Allspice"",""Beef"",""Water"",""Potatoes"",""Plain Flour"",""Water"",""Coconut Milk""]"
Roast fennel and aubergine paella,Vegan,Spanish,"[""Baby Aubergine"",""Fennel"",""Red Pepper"",""Courgettes"",""Onion"",""Paella Rice"",""Paprika"",""Saffron"",""White Wine"",""Vegetable Stock"",""Frozen Peas"",""Lemon"",""Parsley"",""Salt"",""Black Pepper""]"
Rosół (Polish Chicken Soup),Chicken,Polish,"[""Chicken Legs"",""Onions"",""Carrots"",""Leek"",""Celery"",""Cabbage"",""Cloves"",""Allspice"",""Bay Leaf"",""Parsley"",""Dill"",""Pepper"",""Salt""]"
Rogaliki (Polish Croissant Cookies),Dessert,Polish,"[""Butter"",""Egg Yolks"",""Cream Cheese"",""Baking Powder"",""Flour"",""Jam""]"
Roti john,Beef,Malaysian,"[""Minced Beef"",""Onion"",""Eggs"",""Chilli"",""Baguette"",""Salt"",""Pepper"",""Mayonnaise""]"
Spaghetti Bolognese,Beef,Italian,"[""onions"",""olive oil"",""garlic"",""lean minced beef"",""mushrooms"",""dried oregano"",""tomatoes"",""hot beef stock"",""tomato puree"",""worcestershire sauce"",""spaghetti"",""parmesan""]"
Spicy Arrabiata Penne,Vegetarian,Italian,"[""penne rigate"",""olive oil"",""garlic"",""chopped tomatoes"",""red chile flakes"",""italian seasoning"",""basil"",""Parmigiano-Reggiano""]"
Smoky Lentil Chili with Squash,Vegetarian,British,"[""Olive Oil"",""Onion"",""Leek"",""Garlic"",""Cumin"",""Coriander"",""Smoked Paprika"",""Cinnamon"",""Chili Powder"",""Cocoa"",""Dried Oregano"",""Diced Tomatoes"",""Water"",""Carrots"",""Brown Lentils"",""Sea Salt"",""Squash"",""Cashews"",""Apple Cider Vinegar""]"
Sticky Toffee Pudding Ultimate,Dessert,British,"[""Medjool dates"",""water"",""vanilla extract"",""self-raising flour"",""bicarbonate of soda"",""eggs"",""butter"",""demerara sugar"",""black treacle"",""milk"",""ice cream"",""muscovado sugar"",""butter"",""double cream"",""black treacle""]"
Spicy North African Potato Salad,Vegetarian,Moroccan,"[""Small Potatoes"",""Harissa Spice"",""olive oil"",""Lemon"",""Spring onions"",""Rocket"",""Feta"",""Mint"",""Pine nuts"",""Salt"",""Pepper""]"
"Stovetop Eggplant With Harissa, Chickpeas, and Cumin Yogurt",Vegetarian,American,"[""Olive Oil"",""Egg Plants"",""Harissa"",""Chickpeas"",""Cherry Tomatoes"",""Greek yogurt"",""Ground cumin"",""Parsley""]"
Salmon Prawn Risotto,Seafood,Italian,"[""butter"",""onion"",""rice"",""white wine"",""vegetable stock"",""lemon"",""King Prawns"",""salmon"",""asparagus"",""black pepper"",""Parmesan""]"
Salted Caramel Cheescake,Dessert,American,"[""Digestive Biscuits"",""Pretzels"",""Butter"",""Cream Cheese"",""Vanilla Extract"",""Icing Sugar"",""Caramel"",""Sea Salt"",""Double Cream"",""Caramel Sauce"",""Toffee Popcorn"",""Pretzels""]"
Seafood fideuà,Seafood,Spanish,"[""Mussels"",""Prawns"",""Saffron"",""Vermicelli"",""Olive Oil"",""Onions"",""Garlic"",""Paprika"",""Monkfish"",""Baby Squid"",""Fish Stock"",""Tomatoes"",""Lemon"",""Parsley""]"
Spinach & Ricotta Cannelloni,Vegetarian,Italian,"[""Olive Oil"",""Garlic"",""Caster Sugar"",""Red Wine Vinegar"",""Chopped Tomatoes"",""Basil Leaves"",""Mascarpone"",""Milk"",""Parmesan"",""Mozzarella"",""Spinach"",""Parmesan"",""Ricotta"",""Nutmeg"",""Cannellini Beans""]"
Squash linguine,Vegetarian,Italian,"[""Butternut Squash"",""Garlic"",""Olive Oil"",""Linguine Pasta"",""Sage""]"
Spanish Tortilla,Vegetarian,Spanish,"[""Onion"",""Olive Oil"",""Butter"",""Potatoes"",""Garlic"",""Eggs"",""Parsley"",""Baguette"",""Vine Tomatoes"",""Olive Oil""]"
Steak and Kidney Pie,Beef,British,"[""Puff Pastry"",""Egg White"",""Egg Yolks"",""Vegetable Oil"",""Beef"",""Lamb Kidney"",""Onions"",""Plain Flour"",""Beef Stock"",""Salt"",""Pepper"",""Worcestershire Sauce""]"
Sticky Toffee Pudding,Dessert,British,"[""Butter"",""Muscovado Sugar"",""Eggs"",""Self-raising Flour"",""Baking Powder"",""Bicarbonate Of Soda"",""Black Treacle"",""Milk"",""Double Cream"",""Butter"",""Muscovado Sugar"",""Black Treacle"",""Double Cream"",""Vanilla Extract""]"
Spotted Dick,Dessert,British,"[""Self-raising Flour"",""Salt"",""Suet"",""Currants"",""Caster Sugar"",""Lemon"",""Orange"",""Milk"",""Custard""]"
Summer Pudding,Dessert,British,"[""Strawberries"",""Blackberries"",""Redcurrants"",""Raspberries"",""Caster Sugar"",""Bread""]"
Summer Pistou,Vegetarian,French,"[""Rapeseed Oil"",""Leek"",""Courgettes"",""Vegetable Stock"",""Cannellini Beans"",""Green Beans"",""Tomatoes"",""Garlic Clove"",""Basil"",""Parmesan""]"
Split Pea Soup,Side,Canadian,"[""Ham"",""Peas"",""Onions"",""Carrots"",""Bay Leaves"",""Celery"",""Frozen Peas"",""Bread""]"
Sugar Pie,Dessert,Canadian,"[""Brown Sugar"",""Butter"",""Eggs"",""Vanilla Extract"",""Salt"",""Plain Flour"",""Milk""]"
Steak Diane,Beef,French,"[""Canola Oil"",""Beef Fillet"",""Beef Stock"",""Butter"",""Garlic"",""Challots"",""Mushrooms"",""Brandy"",""Heavy Cream"",""Dijon Mustard"",""Worcestershire Sauce"",""Tabasco Sauce"",""Parsley"",""Chives"",""Salt"",""Pepper""]"
Saltfish and Ackee,Seafood,Jamaican,"[""Salt Cod"",""Ackee"",""Onion"",""Paprika"",""Curry Powder"",""Jerusalem Artichokes"",""Hotsauce"",""Red Pepper"",""Yellow Pepper"",""Tomatoes"",""Salt"",""Pepper"",""Self-raising Flour"",""Suet"",""Salt"",""Olive Oil""]"
Sweet and Sour Pork,Pork,Chinese,"[""Pork"",""Egg"",""Water"",""Salt"",""Sugar"",""Soy Sauce"",""Starch"",""Tomato Puree"",""Vinegar"",""Coriander""]"
Szechuan Beef,Beef,Chinese,"[""Beef"",""Salt"",""Sesame Seed Oil"",""Pepper"",""Egg White"",""Starch"",""Oil"",""Ginger"",""Garlic"",""Onion"",""Carrots"",""Green Pepper"",""Celery"",""Mushrooms"",""Cooking wine"",""Water"",""Oyster Sauce"",""Hotsauce"",""Sugar"",""Soy Sauce""]"
Shrimp Chow Fun,Seafood,Chinese,"[""Rice Stick Noodles"",""Prawns"",""Egg"",""Pepper"",""Sesame Seed Oil"",""Cornstarch"",""Oil"",""Minced Garlic"",""Ginger"",""Onion"",""Bean Sprouts"",""Spring Onions"",""Cooking wine"",""Oyster Sauce"",""Sugar"",""Vinegar"",""Soy Sauce""]"
Salmon Avocado Salad,Seafood,British,"[""Salmon"",""Avocado"",""Cucumber"",""Spinach"",""Mint"",""Lime"",""Honey"",""Olive Oil""]"
Salmon Eggs Eggs Benedict,Breakfast,American,"[""Eggs"",""White Wine Vinegar"",""English Muffins"",""Butter"",""Smoked Salmon"",""Lemon Juice"",""White Wine Vinegar"",""Egg"",""Unsalted Butter""]"
Shakshuka,Vegetarian,Egyptian,"[""Olive Oil"",""Red Onions"",""Red Chilli"",""Garlic"",""Coriander"",""Cherry Tomatoes"",""Caster Sugar"",""Eggs"",""Feta""]"
Smoked Haddock Kedgeree,Breakfast,Indian,"[""Butter"",""Onion"",""Cardamom"",""Turmeric"",""Cinnamon Stick"",""Bay Leaf"",""Basmati Rice"",""Chicken Stock"",""Smoked Haddock"",""Eggs"",""Parsley"",""Lemon""]"
Stamppot,Pork,Dutch,"[""Potatoes"",""Bay Leaf"",""Shallots"",""Butter"",""Kale"",""Sausages"",""Milk"",""Nutmeg"",""Salt"",""Pepper""]"
Snert (Dutch Split Pea Soup),Side,Dutch,"[""Water"",""Peas"",""Pork"",""Vegetable Stock Cube"",""Celery"",""Carrots"",""Potatoes"",""Onion"",""Leek"",""Celeriac"",""Sausages""]"
Spaghetti alla Carbonara,Pasta,Italian,"[""Spaghetti"",""Egg Yolks"",""Salt"",""Bacon"",""Pecorino"",""Black Pepper""]"
Soy-Glazed Meatloaves with Wasabi Mashed Potatoes & Roasted Carrots,Beef,American,"[""Potatoes"",""Carrots"",""Scallions"",""Garlic"",""Bread"",""Garlic Powder"",""Soy Sauce"",""Ground Beef"",""Vegetable Oil"",""Sugar"",""Butter""]"
Skillet Apple Pork Chops with Roasted Sweet Potatoes & Zucchini,Pork,American,"[""Potatoes"",""Apples"",""Garlic"",""Lemon"",""Pork"",""Zucchini"",""Chicken Stock"",""Vegetable Oil"",""Sugar"",""Butter""]"
Strawberry Rhubarb Pie,Dessert,British,"[""Flour"",""Salt"",""Sugar"",""Butter"",""Water"",""Rhubarb"",""Strawberries"",""Cornstarch"",""Sugar"",""Cinnamon"",""Lemon Juice"",""Unsalted Butter"",""Milk"",""Sugar""]"
Stuffed Lamb Tomatoes,Lamb,Greek,"[""Tomatoes"",""Sugar"",""Olive Oil"",""Onion"",""Garlic Clove"",""Lamb"",""Cinnamon"",""Tomato Puree"",""Rice"",""Chicken Stock"",""Dill"",""Chopped Parsley"",""Mint""]"
Sledz w Oleju (Polish Herrings),Seafood,Polish,"[""Herring"",""Onion"",""Olive Oil"",""Allspice"",""Pepper"",""Bay Leaf""]"
Shawarma,Chicken,Egyptian,"[""Chicken Thighs"",""Coriander"",""Cumin"",""Cardamom"",""Cayenne Pepper"",""Paprika"",""Lemon Juice"",""Olive Oil"",""Greek Yogurt"",""Garlic Clove"",""Cumin"",""Lemon Juice"",""Lettuce"",""Tomato"",""Pita Bread""]"
Spring onion and prawn empanadas,Seafood,Portuguese,"[""Spring Onions"",""Olive Oil"",""Red Chilli"",""Garlic"",""Prawns"",""Feta"",""Butter"",""Plain Flour"",""Egg"",""White Wine Vinegar""]"
Seri muka kuih,Dessert,Malaysian,"[""Rice"",""Coconut Milk"",""Water"",""Salt"",""Corn Flour"",""Flour"",""Eggs"",""Coconut Cream"",""Sugar""]"
Sushi,Seafood,Japanese,"[""Sushi Rice"",""Rice wine"",""Caster Sugar"",""Mayonnaise"",""Rice wine"",""Soy Sauce"",""Cucumber""]"
Stuffed Bell Peppers with Quinoa and Black Beans,Vegetarian,Mexican,"[""Green Pepper"",""Olive Oil"",""Onion"",""Garlic"",""Quinoa"",""Black Beans"",""Sweetcorn"",""Diced Tomatoes"",""Cumin"",""Chili Powder"",""Smoked Paprika"",""Salt"",""Pepper"",""Shredded Mexican Cheese"",""Cilantro""]"
Strawberries Romanoff,Dessert,Russian,"[""Strawberries"",""Sugar"",""Grand Marnier"",""Cream"",""Sour Cream""]"
Teriyaki Chicken Casserole,Chicken,Japanese,"[""soy sauce"",""water"",""brown sugar"",""ground ginger"",""minced garlic"",""cornstarch"",""chicken breasts"",""stir-fry vegetables"",""brown rice""]"
Tandoori chicken,Chicken,Indian,"[""lemons"",""paprika"",""red onions"",""chicken thighs"",""vegetable oil"",""Greek yogurt"",""ginger"",""garlic clove"",""garam masala"",""ground cumin"",""chilli powder"",""turmeric""]"
Thai Green Curry,Chicken,Thai,"[""potatoes"",""green beans"",""sunflower oil"",""garlic"",""Thai green curry paste"",""coconut milk"",""Thai fish sauce"",""Sugar"",""Chicken"",""lime"",""basil"",""Rice""]"
Toad In The Hole,Pork,British,"[""sausages"",""vegetable oil"",""plain flour"",""eggs"",""horseradish"",""milk"",""cherry tomatoes""]"
Turkey Meatloaf,Miscellaneous,British,"[""Olive Oil"",""Onion"",""Garlic"",""Worcestershire Sauce"",""Tomato Puree"",""Turkey Mince"",""Eggs"",""Breadcrumbs"",""Barbeque Sauce"",""Cannellini Beans"",""Parsley""]"
Tuna Nicoise,Seafood,French,"[""Potatoes"",""Olive Oil"",""Eggs"",""Red Wine Vinegar"",""Capers"",""Sunflower Oil"",""Red Onions"",""Spinach"",""Tuna""]"
Tahini Lentils,Vegetarian,Moroccan,"[""Tahini"",""Lemon"",""Olive Oil"",""Red Onions"",""Garlic"",""Yellow Pepper"",""Green Beans"",""Courgettes"",""Kale"",""Lentils""]"
Three Fish Pie,Seafood,British,"[""Potatoes"",""Butter"",""Milk"",""Gruyère"",""Butter"",""Leek"",""Plain Flour"",""White Wine"",""Milk"",""Parsley"",""Salmon"",""Haddock"",""Smoked Haddock"",""Eggs""]"
Treacle Tart,Dessert,British,"[""Plain Flour"",""Butter"",""Golden Syrup"",""Breadcrumbs"",""Lemons"",""Eggs""]"
Tarte Tatin,Dessert,French,"[""Puff Pastry"",""Plain Flour"",""Braeburn Apples"",""Caster Sugar"",""Butter"",""Creme Fraiche""]"
Three-cheese souffles,Miscellaneous,French,"[""Butter"",""Parmesan"",""Milk"",""Bay Leaves"",""Plain Flour"",""English Mustard"",""Cayenne Pepper"",""Gruyère"",""Eggs"",""Goats Cheese"",""Double Cream"",""Spinach""]"
Tourtiere,Pork,Canadian,"[""Potatoes"",""Sunflower Oil"",""Minced Pork"",""Onion"",""Garlic Clove"",""Cinnamon"",""Allspice"",""Nutmeg"",""Vegetable Stock"",""Shortcrust Pastry"",""Egg""]"
Timbits,Dessert,Canadian,"[""Flour"",""Sugar"",""Baking Powder"",""Salt"",""Egg"",""Milk"",""Oil"",""Oil"",""Icing Sugar""]"
Tunisian Orange Cake,Dessert,Tunisian,"[""Orange"",""Caster Sugar"",""Olive Oil"",""Flour"",""Baking Powder"",""Eggs"",""Vanilla Extract""]"
Tunisian Lamb Soup,Lamb,Tunisian,"[""Lamb Mince"",""Garlic"",""Onion"",""Spinach"",""Tomato Puree"",""Cumin"",""Chicken Stock"",""Harissa Spice"",""Chickpeas"",""Lemon Juice"",""Macaroni"",""Salt"",""Pepper""]"
Tuna and Egg Briks,Seafood,Tunisian,"[""Olive Oil"",""Spring Onions"",""Spinach"",""Filo Pastry"",""Tuna"",""Eggs"",""Hotsauce"",""Tomatoes"",""Cucumber"",""Lemon Juice"",""Apricot Jam""]"
Tamiya,Vegetarian,Egyptian,"[""Broad Beans"",""Spring Onions"",""Garlic Clove"",""Parsley"",""Cumin"",""Baking Powder"",""Cayenne Pepper"",""Flour"",""Vegetable Oil""]"
Tonkatsu pork,Pork,Japanese,"[""Pork Chops"",""Flour"",""Eggs"",""Breadcrumbs"",""Vegetable Oil"",""Tomato Ketchup"",""Worcestershire Sauce"",""Oyster Sauce"",""Caster Sugar""]"
Traditional Croatian Goulash,Beef,Croatian,"[""Beef"",""Onions"",""Carrots"",""Garlic"",""Bay Leaf"",""Red Wine"",""Water"",""Mustard"",""Salt"",""Pepper"",""Paprika"",""Vegetable Oil""]"
Tortang Talong,Vegetarian,Filipino,"[""Egg Plants"",""Eggs"",""Salt"",""Olive Oil""]"
Vegan Lasagna,Vegan,Italian,"[""green red lentils"",""carrot"",""onion"",""zucchini"",""coriander"",""spinach"",""lasagne sheets"",""vegan butter"",""flour"",""soya milk"",""mustard"",""vinegar""]"
Vegan Chocolate Cake,Vegan,American,"[""self raising flour"",""coco sugar"",""cacao"",""baking powder"",""flax eggs"",""almond milk"",""vanilla"",""water""]"
Vietnamese Grilled Pork (bun-thit-nuong),Pork,Vietnamese,"[""Pork"",""Rice Vermicelli"",""Egg Rolls"",""Challots"",""Garlic"",""Sugar"",""Fish Sauce"",""Soy sauce"",""Pepper"",""Olive Oil"",""Cucumber"",""Mint"",""Peanuts""]"
Venetian Duck Ragu,Pasta,Italian,"[""Olive Oil"",""Duck Legs"",""Onions"",""Garlic"",""Cinnamon"",""Plain Flour"",""Red Wine"",""Chopped Tomatoes"",""Chicken Stock Cube"",""Rosemary"",""Bay Leaves"",""Sugar"",""Milk"",""Paccheri Pasta"",""Parmesan Cheese""]"
Vegetarian Casserole,Vegetarian,British,"[""Rapeseed Oil"",""Onion"",""Garlic"",""Paprika"",""Cumin"",""Thyme"",""Carrots"",""Celery"",""Red Pepper"",""Yellow Pepper"",""Tomato"",""Vegetable Stock Cube"",""Courgettes"",""Thyme"",""Lentils""]"
Vegetarian Chilli,Vegetarian,British,"[""Roasted Vegetables"",""Kidney Beans"",""Chopped Tomatoes"",""Mixed Grain""]"
Vegetable Shepherd's Pie,Beef,Irish,"[""Potatoes"",""Small Potatoes"",""Salted Butter"",""Mushrooms"",""Brown Lentils"",""Garlic"",""Kosher Salt"",""Onion"",""Tomato Puree"",""Bay Leaves"",""Olive Oil"",""Dry White Wine"",""Vegetable Stock"",""Cornstarch"",""Soy Sauce"",""Rosemary"",""Parsley"",""Sage"",""Chives""]"
White chocolate creme brulee,Dessert,French,"[""Double Cream"",""White Chocolate Chips"",""Vanilla"",""Egg Yolks"",""Caster Sugar"",""Caster Sugar""]"
Wontons,Pork,Chinese,"[""Pork"",""Garlic Clove"",""Ginger"",""Soy Sauce"",""Sesame Seed Oil"",""Carrots"",""Celery"",""Spring Onions"",""Wonton Skin"",""Oil"",""Water""]"
Walnut Roll Gužvara,Dessert,Croatian,"[""Flour"",""Caster Sugar"",""Yeast"",""Salt"",""Milk"",""Eggs"",""Butter"",""Walnuts"",""Butter"",""Brown Sugar"",""Cinnamon"",""Milk"",""Icing Sugar""]"
Yaki Udon,Vegetarian,Japanese,"[""Udon Noodles"",""Sesame Seed Oil"",""Onion"",""Cabbage"",""Shiitake Mushrooms"",""Spring Onions"",""Mirin"",""Soy Sauce"",""Caster Sugar"",""Worcestershire Sauce""]"
